{"cameraMode":{"drawMode":0,"name":"Shaded","section":"Shading Mode"},"sceneLighting":true,"audioPlay":false,"sceneViewState":{"showFog":true,"showMaterialUpdate":false,"showSkybox":true,"showFlares":true,"showImageEffects":true,"showParticleSystems":true},"in2DMode":false,"pivot":{"x":5.025326728820801,"y":1.691789150238037,"z":-5.820161819458008},"rotation":{"x":0.5416561961174011,"y":0.0025197730865329506,"z":-0.0016286784084513784,"w":0.8406158089637756},"size":0.7268924117088318,"orthographic":false}